{"version":3,"hash":{"type":"Buffer","data":"hUt+IV7j2bex9VbHF6ha5p46CozMlTtAtJXiVJOSIMxUq5LWW85tkZ3cmoDWj1tItSZaJQ6pqB8wjaGHfqtOetPiqo4vaSiXEZ0VsyXP7KfBUyiwtEHUFqdcJ9bcXVDM4s5vfC83gSlDVM5oqjgjs4ORsAR9p1axi6rh/Q9e6as="},"indexValueMap":{"PxLUoKAWwZExBZwdSXIYbTFMn2ruOIxBaFyNYE90Tn0=":{"valueMac":{"type":"Buffer","data":"nljg1eQfR5d/VY/kcuG5JJl9krWfkF6WSMamdrTruVg="}},"npgU93r4/J//QPURwHTifukiTOO1n7u3jy4MkMJwgQ4=":{"valueMac":{"type":"Buffer","data":"VuEaw5GSuTZXECx69bXRgnp7n4rkrFxRsMu/5x67WdQ="}},"b7PC7ZMf62EEzyLaO3D1Ce3T0Y00Q29EN2co9x3GXdc=":{"valueMac":{"type":"Buffer","data":"RlVnAitukUSY0Yj0mzTh/0SRsw/BMn88U8c1ezQPz94="}},"UMtCzzQ0Mci+cdZsyu2Skokc0yUaE2nevnaQVxzT6vY=":{"valueMac":{"type":"Buffer","data":"m/SsZRQ2pcC1drR5OPkO+I+FHgXb1CRZ2CcuHnH7UBQ="}},"QFHTHJ4IaxGnkcwRoeUv/bRl+8DZCd0kmO19tUCqkyo=":{"valueMac":{"type":"Buffer","data":"3N16vlXdf0mkFFv4vZZpfvrppYjI1Y2WFs1UQpmHw2o="}},"fqQJwYhUN75G4EkpWgfHgzuAJSroP4svXJrkpaalx+Y=":{"valueMac":{"type":"Buffer","data":"Dj4Ox2gw3w9BpdZha+QxeGyLowWY4wIsfWvRQWJ75MM="}},"4qn3f+GBv23f5NUZp1kELURK9Eq8DoiW4bySNW3FYSY=":{"valueMac":{"type":"Buffer","data":"AEYpyrbaYGSRK2Mzp9NbK6CWV0Cc1hqmBtkUn8WPrY4="}},"CQr6r3QJ59QY/oLsmvl3eqgLwtAtINQc4ufZi861y1c=":{"valueMac":{"type":"Buffer","data":"FSKJLzr2oossSO9l1d0pAZYWYPJPhI0BLTOvoSOBZuw="}},"ZeWd4lNh9Az/qEeseiZEk7jsgsCrL/QfpEhbsQ0wPJY=":{"valueMac":{"type":"Buffer","data":"/5jZx1dbp28LFUb0rcJfvrPCeIXyakWZKibrm+xqSg0="}},"meV020RKD0EPOK18C3wBIzXyg15L12UT6xXZNVX/0rM=":{"valueMac":{"type":"Buffer","data":"VU4MV9RHIQUAx4yyzUEjimbo1Jz9I5CnWhdENKk1f0M="}},"sZuSGxBTwjm4cCyZmA7ry/uhIhSfoMMibzdPQ5ZuEBA=":{"valueMac":{"type":"Buffer","data":"SVjJ4o5IIrbjtUqNTBynYTZTyakwIhdVfIxzoFcQUdQ="}},"HHUpeigFOv91YOHAualIKKpLbYw0AViNPYI4trgWTWM=":{"valueMac":{"type":"Buffer","data":"XJOQkupvZRwmT0M0z1KVfc1594d3ZsTenVUvzMOfJx0="}},"bp93Wuw4ZljJt+ARrRtroyyqP3ctQDY4Gsm334JXTKc=":{"valueMac":{"type":"Buffer","data":"VgRdLoFyc2nZq80ZMyx3H28fJowZMvMAKcM2Ya3CqqE="}}}}