{"noiseKey":{"private":{"type":"Buffer","data":"+LcpZvncamKR5Mi63bhto5ihwMuFPVesZOfOh+a+Z2g="},"public":{"type":"Buffer","data":"ERVdkdOwCc4ndikcrjZ587hRbhVAdC08NHXBOlM5I0s="}},"pairingEphemeralKeyPair":{"private":{"type":"Buffer","data":"8A5ioAVxCJQnKjsV9vGhpbTt80cjwAuoIUQvxJ1HTk0="},"public":{"type":"Buffer","data":"NMrIPDwR9WTqKrBR1EZv6eJWaUCcZnPKfS8JEP8k0g0="}},"signedIdentityKey":{"private":{"type":"Buffer","data":"6I0pI8FqWtHdXQ6P/w/ypaB+0SNX8jrVCBsBCmc1f38="},"public":{"type":"Buffer","data":"kSXa8T0yW9eWN0KBHebUHwjsVqJSTcBN/cPAICc+OgM="}},"signedPreKey":{"keyPair":{"private":{"type":"Buffer","data":"6PWZSfX7B6EkFZlj2ckUneUtPNVqTfRgEpMs/P5gsk0="},"public":{"type":"Buffer","data":"LHsbr8VtMMBBqe2/VPskyrFlc1Yfk3NhobhA1OzcMEE="}},"signature":{"type":"Buffer","data":"vGNwueNvTII3c7SRhrXARqPQ31gm+CMqmfZM+Z7iz3seeM4rsRBcKKUe4lbHYI0QudiKIwKlG13JOVbu6+rTjw=="},"keyId":1},"registrationId":11,"advSecretKey":"RtFolHCvSmvf5520lQCayzwgGVs0tKGS3pWcTzsItvI=","processedHistoryMessages":[{"key":{"remoteJid":"6285656207327@s.whatsapp.net","fromMe":true,"id":"E265695B445F055B86B9B523B8F22455"},"messageTimestamp":1736247902},{"key":{"remoteJid":"6285656207327@s.whatsapp.net","fromMe":true,"id":"55BAA9C6F0B8B0FB05ABA3D868C9E8FA"},"messageTimestamp":1736247902},{"key":{"remoteJid":"6285656207327@s.whatsapp.net","fromMe":true,"id":"5C09C9F9F9C4B45A4E428AECFE60971D"},"messageTimestamp":1736247903},{"key":{"remoteJid":"6285656207327@s.whatsapp.net","fromMe":true,"id":"63F23073C5CCA879D33971CCBEF6E3B1"},"messageTimestamp":1736247904}],"nextPreKeyId":31,"firstUnuploadedPreKeyId":31,"accountSyncCounter":1,"accountSettings":{"unarchiveChats":false},"registered":false,"account":{"details":"CKe+jJ4HENiU9LsGGAEgACgA","accountSignatureKey":"mQgTKz90uc5yzBefRpp9R+FxtoMNrJoXe0CRmQQHgU0=","accountSignature":"eqZCvCg51HywP1/f59is/FwWeu8d8UqDlHaOeJg9RWCLyuQEGec2cTTzMfxpIuXpUJ9vbEvl38Xf5Je6+qS6CA==","deviceSignature":"ONT1y3hjSNge6XZFU+G3L6xriy4VhoNPRCEwPmsRqoxaoh1zKxCEuPDnUux588bv4uF/9S72fS6iFgLk5oJnhg=="},"me":{"id":"6285656207327:1@s.whatsapp.net","name":"BOT SPNB","lid":"259597034070225:1@lid"},"signalIdentities":[{"identifier":{"name":"6285656207327:1@s.whatsapp.net","deviceId":0},"identifierKey":{"type":"Buffer","data":"BZkIEys/dLnOcswXn0aafUfhcbaDDayaF3tAkZkEB4FN"}}],"platform":"smba","routingInfo":{"type":"Buffer","data":"CAUIAg=="},"lastAccountSyncTimestamp":1736248208,"lastPropHash":"iEaZ1","myAppStateKeyId":"AAAAAMcb"}