{"_sessions":{"BcnqDhoVbw/j1YMggNQ+JHs3C3/L9hLIG5ctGozOQqtL":{"registrationId":1238661629,"currentRatchet":{"ephemeralKeyPair":{"pubKey":"BTs8fQcmm45eixfU/W9FnEAGQlhORYy3CinLgLyBIvEa","privKey":"EGoQ4p0hYC4ssgawIsBVe84Wan7yPekMGhYXi2VlXmc="},"lastRemoteEphemeralKey":"BZHxwK3Ye/yzxRRxB1sbreSw4gmziBu+dOxCmM+8k4Jr","previousCounter":0,"rootKey":"oXBsFV+CSiVADpG3r9vN5RbnYQWfjMUtSF+8Z3j2hks="},"indexInfo":{"baseKey":"BcnqDhoVbw/j1YMggNQ+JHs3C3/L9hLIG5ctGozOQqtL","baseKeyType":2,"closed":-1,"used":1736408106105,"created":1736347442649,"remoteIdentityKey":"BbZmFWTWVuODjH2xmpi9NYNKq30mh0ODUaCpa9qrQl0C"},"_chains":{"Bc/MK9xP/BqjNtpuL3W1cAt46V3DjygVOMMwSDm2wBgp":{"chainKey":{"counter":1},"chainType":2,"messageKeys":{}},"BVmwsGgRPdrAPSradmthiwKBAVa1on7M/SN3D/S6n1Fc":{"chainKey":{"counter":0},"chainType":2,"messageKeys":{}},"BcwSog5yKhCCatHgpLVUUHnJ5eL6b9FR80F0c9bUCWwm":{"chainKey":{"counter":2},"chainType":2,"messageKeys":{}},"Ba4VBMuY5z9Uolyi2n4GSAHdyY9djvWEwiPAldMT+qsD":{"chainKey":{"counter":2},"chainType":2,"messageKeys":{}},"BeyzkU/UZ8u3x7uTCxck+yC8w2kI3b0gTlrCFuk69iBs":{"chainKey":{"counter":0},"chainType":2,"messageKeys":{}},"BRKE4ryKRy/gVmaPPv6oszIyQAqodFqdxOHMp8HG0p4U":{"chainKey":{"counter":0},"chainType":2,"messageKeys":{}},"BUz0VOnbDuiE9b8azZwl18n4J4zwIwA/TPIqSR8Codc8":{"chainKey":{"counter":0},"chainType":2,"messageKeys":{}},"BRjC99+nxMosH6ajmU2+YDLmRoWerMsQhT09w+LOkmco":{"chainKey":{"counter":1},"chainType":2,"messageKeys":{}},"BWnZnc8c1QrgnJeuZRfB1wX4LLgxY1iwjj1IWj8vDpVf":{"chainKey":{"counter":2},"chainType":2,"messageKeys":{}},"BWcrnFkVf0+F+oJprXDUj/EAeNfdawqjgqpXvvQgAMYR":{"chainKey":{"counter":2},"chainType":2,"messageKeys":{}},"BUNt4nV521MrfYkHtTfab9teTptfvWApWWV5FNQw64Fy":{"chainKey":{"counter":0},"chainType":2,"messageKeys":{}},"BQ3Ax7uLI3+08nvKhferbR1KgBrW/9Ei7KeS4m3P7mQf":{"chainKey":{"counter":0},"chainType":2,"messageKeys":{}},"BZHxwK3Ye/yzxRRxB1sbreSw4gmziBu+dOxCmM+8k4Jr":{"chainKey":{"counter":0,"key":"39sXX5xxDkbCQ7DZwZCnGs5duTZY9BMZn0tJTq2yJAE="},"chainType":2,"messageKeys":{}},"BTs8fQcmm45eixfU/W9FnEAGQlhORYy3CinLgLyBIvEa":{"chainKey":{"counter":0,"key":"SnKuqmgicT4MNT7i0RTL7f84i1IBsMYf+0vAgw5R548="},"chainType":1,"messageKeys":{}}}}},"version":"v1"}