{"_sessions":{"BSVit8SmG9C1pSjGcIWyP2p2wBGRCvrq6eCwMrYymY0A":{"registrationId":1313,"currentRatchet":{"ephemeralKeyPair":{"pubKey":"Bdh4g7j9vBUlYV/E9LHa5djwCto11mp9+YthLbrngTBm","privKey":"yIhOr12mbTQuYF83MKKiTc+upDaSiIRDjMSexeI2t0M="},"lastRemoteEphemeralKey":"BQywlCyX+7OiciqrKq1XEf+S4XCTMJ7pJoE4mapvsZAP","previousCounter":0,"rootKey":"IVU5lDaV7H1p6b8uu1JPLXza+01rjYF0TAQ6G3v1ecA="},"indexInfo":{"baseKey":"BSVit8SmG9C1pSjGcIWyP2p2wBGRCvrq6eCwMrYymY0A","baseKeyType":1,"closed":-1,"used":1736347468599,"created":1736347468599,"remoteIdentityKey":"Bf+o3AnNNIsPqKSkDjMYipmLhXrfDfCEuaI/NjLSrnl5"},"_chains":{"Bdh4g7j9vBUlYV/E9LHa5djwCto11mp9+YthLbrngTBm":{"chainKey":{"counter":13,"key":"0zQ7YUZ3YPWXsKM5DGbHgeqOWq4tacaagY6f0BduyMk="},"chainType":1,"messageKeys":{}}},"pendingPreKey":{"signedKeyId":1,"baseKey":"BSVit8SmG9C1pSjGcIWyP2p2wBGRCvrq6eCwMrYymY0A"}}},"version":"v1"}