{"_sessions":{"Bc6B5RPVVjgc9Wprfwi2CHpGOKS69MH62ysoXIzJ68sa":{"registrationId":1388986439,"currentRatchet":{"ephemeralKeyPair":{"pubKey":"BR8pvG+dqBPgFNQKoY/5JA14iS6g1sL3yTN4wWhPY38H","privKey":"wCoA72hc32m6X9aOad5MbjKN4CMEywsEK82BqSmtH1U="},"lastRemoteEphemeralKey":"Bc+5b73GVvKRZzlySDfH9M7tLyVgBZUUe5u12A8Z6q1l","previousCounter":5,"rootKey":"5eaOqZpzqHRWJ768E5Jr7kz8iyYmlPDidhmrKTAgwlg="},"indexInfo":{"baseKey":"Bc6B5RPVVjgc9Wprfwi2CHpGOKS69MH62ysoXIzJ68sa","baseKeyType":2,"closed":-1,"used":1736343736094,"created":1736248108293,"remoteIdentityKey":"BUqGGwaw1hhVyvVYUOG2tbwKKY32snMyk8NdpuKWLXwg"},"_chains":{"BeWym6lWDkwNmBRNIN3WOjBdab9WwzrxXxPMyjMoXGN4":{"chainKey":{"counter":1},"chainType":2,"messageKeys":{}},"BZJ0MAk5TmlcICulPD0ZdCPy4kwp13cfQ2BB2hjf+yNK":{"chainKey":{"counter":1},"chainType":2,"messageKeys":{}},"BY12Pindc3dHCzmwOS54x1PCtByVv7y45LxUlMy540kc":{"chainKey":{"counter":0},"chainType":2,"messageKeys":{}},"BUHZPu9kcwzqNYT/6abV/+vniIjsQga62zNYKt2CzltC":{"chainKey":{"counter":0},"chainType":2,"messageKeys":{}},"BR6khFNnRsFrGT/W7wyk86UI3tNmhfednI84jLhy/CF5":{"chainKey":{"counter":1},"chainType":2,"messageKeys":{}},"BYnp0DmnwpIou2JwtkOpmEUl+LcIHiNXwKcHtve5VFlQ":{"chainKey":{"counter":0},"chainType":2,"messageKeys":{}},"BQW8jSEN1j8EbrQr3TEf6mFIgCSEMMf5F6IbbPENuyVB":{"chainKey":{"counter":0},"chainType":2,"messageKeys":{}},"BYGJE1I3wSrrpcOjdHVRdH/ap6OSZjlxvabPlWLa9qBP":{"chainKey":{"counter":0},"chainType":2,"messageKeys":{}},"BfwASBwihZJVOiCVIqftHpzGOYWzkNfzCS364fo6drlE":{"chainKey":{"counter":0},"chainType":2,"messageKeys":{}},"BcX6CTDp/mDud37owrY7GCL0VJrlyHiFsiL3jgXkh0YS":{"chainKey":{"counter":0},"chainType":2,"messageKeys":{}},"BdO+vdpfYAEf7mkWLi4XnDXI6wlquHaDPPuYg1RqZJgU":{"chainKey":{"counter":0},"chainType":2,"messageKeys":{}},"BRP+Z6MH7RN+eMzBYrwrP2JNnrUxB9v28H+QTI+WML9j":{"chainKey":{"counter":0},"chainType":2,"messageKeys":{}},"Ba/k2JovZ6GT+zcMhRSYrytEChPjMB+pEptVj44j17sx":{"chainKey":{"counter":1},"chainType":2,"messageKeys":{}},"BRA5O97yGfLNBPXUAr34AL/YsYBwgZMIOTFxZKfEKP9o":{"chainKey":{"counter":0},"chainType":2,"messageKeys":{}},"Bc+5b73GVvKRZzlySDfH9M7tLyVgBZUUe5u12A8Z6q1l":{"chainKey":{"counter":0,"key":"K/ng+nZWfA6ZfLtT8wKhz6XqkNvxkI//MCUpmrdD7YU="},"chainType":2,"messageKeys":{}},"BR8pvG+dqBPgFNQKoY/5JA14iS6g1sL3yTN4wWhPY38H":{"chainKey":{"counter":-1,"key":"Gn+u6GbwnzpY3xwHwer5m/RCLtLBmI984eRnPlI29/g="},"chainType":1,"messageKeys":{}}}}},"version":"v1"}