{"_sessions":{"BZRQDkixq7MFDEryeG2OM2awhVOtHS7DWOx5CLQNieBP":{"registrationId":1195100201,"currentRatchet":{"ephemeralKeyPair":{"pubKey":"BdJaAI6x9U7O4+BpuRcWhCbi3aVkDToBSlJTmH3mO3FW","privKey":"yAHQvgNI526gICESiXzXjbw7uKNR9CpdcJ2a9Fa3nGE="},"lastRemoteEphemeralKey":"Beg/N5ENBHrR/TFDqWWgTiphw1UBCv7A78pBf5IK48Ao","previousCounter":0,"rootKey":"Bvt0deoO25GV6dP9KkZ/8ynAaFJOYbCMfVMXcD0O5vQ="},"indexInfo":{"baseKey":"BZRQDkixq7MFDEryeG2OM2awhVOtHS7DWOx5CLQNieBP","baseKeyType":2,"closed":-1,"used":1736338367844,"created":1736338367844,"remoteIdentityKey":"BXt4YAoasSOvh3vKo8aCtoHrn1gylX0JvHZX8sh1DD9o"},"_chains":{"Beg/N5ENBHrR/TFDqWWgTiphw1UBCv7A78pBf5IK48Ao":{"chainKey":{"counter":1,"key":"R9lB7TQ2nELSL7ECZmcLVPMfSSG7WvVN6gLumz79Slw="},"chainType":2,"messageKeys":{}},"BdJaAI6x9U7O4+BpuRcWhCbi3aVkDToBSlJTmH3mO3FW":{"chainKey":{"counter":-1,"key":"zwAVeowLLTaEEfS1qv0BSyFvc4xhwOLTwynvook1SRs="},"chainType":1,"messageKeys":{}}}}},"version":"v1"}