{"_sessions":{"BS1pqzTDOphWdLrAZZOCBeQ9dDpMDrZNr9yw65f8SWJE":{"registrationId":49,"currentRatchet":{"ephemeralKeyPair":{"pubKey":"BdobZuEnp3RP4w/6Uqi5M6YnFCgmUnAZq//IHO0TDVBe","privKey":"8LwDvrEH8b8EnV8cKMK2hVo/ASChNDnILpzlOTUreUY="},"lastRemoteEphemeralKey":"BXsoQFvrJPAgOIXgIl48V1oKC7knDYaCxEK3VkkC8TNW","previousCounter":0,"rootKey":"8ISjVzwobXzjUGZ2F2+xXSCaKItMFpVj+b9BiwdRpTQ="},"indexInfo":{"baseKey":"BS1pqzTDOphWdLrAZZOCBeQ9dDpMDrZNr9yw65f8SWJE","baseKeyType":1,"closed":-1,"used":1736347468603,"created":1736347468603,"remoteIdentityKey":"Baj9Y5unvXyMws/Ua53yfx6F7KmgthT/8TZ4nUV50VMN"},"_chains":{"BdobZuEnp3RP4w/6Uqi5M6YnFCgmUnAZq//IHO0TDVBe":{"chainKey":{"counter":13,"key":"z/CZYcEqdvl9sXxXFzICJGxf0xY6NLd50dAdmHViR4I="},"chainType":1,"messageKeys":{}}},"pendingPreKey":{"signedKeyId":1,"baseKey":"BS1pqzTDOphWdLrAZZOCBeQ9dDpMDrZNr9yw65f8SWJE"}}},"version":"v1"}