{"_sessions":{"BWbN9Jsclr0Y/GVEizMgK211l+Wg8Xn+VZPl/fhTlcAL":{"registrationId":12410,"currentRatchet":{"ephemeralKeyPair":{"pubKey":"BdNfXaHP9QoVmyMqnxioRwVqVKvoLNgwfigwFNNv4Rl8","privKey":"eIMF+8tusPtlR2qBVChViZAXA8E+ODXa7VKr8GZTDX8="},"lastRemoteEphemeralKey":"BZHOhEB8lvDmJA8dmu0VEdko9m3muEhIx6zZDQ5NyeFl","previousCounter":0,"rootKey":"5l2dCL76TcD5cOLVoJ+76hWkg4HjF8Zjl9yJTFLNa7w="},"indexInfo":{"baseKey":"BWbN9Jsclr0Y/GVEizMgK211l+Wg8Xn+VZPl/fhTlcAL","baseKeyType":2,"closed":-1,"used":1736338368065,"created":1736338368065,"remoteIdentityKey":"BXkIjM+4ym1DFQa2cNJVroJOvicrCBN0nq/Sa1cOlnZO"},"_chains":{"BZHOhEB8lvDmJA8dmu0VEdko9m3muEhIx6zZDQ5NyeFl":{"chainKey":{"counter":7,"key":"izGbdnDaw3c5m7hFbST3a/WByy+kD+u+H32zZTpdfAw="},"chainType":2,"messageKeys":{}},"BdNfXaHP9QoVmyMqnxioRwVqVKvoLNgwfigwFNNv4Rl8":{"chainKey":{"counter":-1,"key":"wHz6exrUZ89gllu+OJp2pGC0AS94vTPBnoO5oAtH92g="},"chainType":1,"messageKeys":{}}}}},"version":"v1"}