{"_sessions":{"BQPjAISvh6Wv/yYlo05N66RUtu7AIS9N2Ii4DhW7jsIi":{"registrationId":111631815,"currentRatchet":{"ephemeralKeyPair":{"pubKey":"BYpFsC1njgrClUIFvkHGzWXec7K5EbbgY/ks4lDKS/xC","privKey":"kGDD/OztFo7QEtp6Y9DveSjo7KlyBbYkXyhC1Rro4Ek="},"lastRemoteEphemeralKey":"BZFrODLOeBdH9cjOevYA0NOM5hgC5WjBgVR5zLcXLdlY","previousCounter":0,"rootKey":"29PzPEuPfDLMtNKH+YfOZSM7uWucGvQgPBEmU4/vR4g="},"indexInfo":{"baseKey":"BQPjAISvh6Wv/yYlo05N66RUtu7AIS9N2Ii4DhW7jsIi","baseKeyType":2,"closed":-1,"used":1736407816049,"created":1736247902895,"remoteIdentityKey":"BZkIEys/dLnOcswXn0aafUfhcbaDDayaF3tAkZkEB4FN"},"_chains":{"BdjY0vmfCqo0kY8J3IhanG2zMUuTGvhg1vv64Z80DA4s":{"chainKey":{"counter":10},"chainType":2,"messageKeys":{}},"BVHOx1fNmnunZxmVDYpg4UuwdU6DRuEU2eatMI7z1U9K":{"chainKey":{"counter":0},"chainType":2,"messageKeys":{}},"BV/ly/R2H5rfXLhJp6F1Uedf6TjIZXuig5iw7Kijgf8M":{"chainKey":{"counter":0},"chainType":2,"messageKeys":{}},"BRM4ocGhRc7MhYMqE+g05AwN8KEWtH/r3kJixz49EotV":{"chainKey":{"counter":0},"chainType":2,"messageKeys":{}},"BbqRwum5nd9VeWZKUx9KZIb1TGfApD30RH5hLVORpFsS":{"chainKey":{"counter":0},"chainType":2,"messageKeys":{}},"BWPIqGv1GAwabI80k6LNgVR9A50Iam1Y7XbSqizOFfUS":{"chainKey":{"counter":7},"chainType":2,"messageKeys":{}},"BXqBYhlvvm9v7yplalNuXymUxeuxsG2T7tE+F4Figrl7":{"chainKey":{"counter":0},"chainType":2,"messageKeys":{}},"BQiQHv6vZCQZd6IXsiIbhFNOKiIbDEvJUrAiNpl+MHUS":{"chainKey":{"counter":0},"chainType":2,"messageKeys":{}},"BckhTfTZbDBTWyRDkBo6F9sDurLkysk234h24Mz6GuY/":{"chainKey":{"counter":0},"chainType":2,"messageKeys":{}},"Bd9i/BT2ZJIh7QuHwC2mI30MXRdYDL5yQAUzw46uvPly":{"chainKey":{"counter":0},"chainType":2,"messageKeys":{}},"BXC1BaFtq6t40PHddejshMEnOstjZhiVtgVDBqpbaZ9F":{"chainKey":{"counter":0},"chainType":2,"messageKeys":{}},"BRRcZpJ6B7gm1fA8thwH+dXHXr+P8oI/5i8yz3m0ua0p":{"chainKey":{"counter":0},"chainType":2,"messageKeys":{}},"BSc6OcRO0Tp0WFZLYnpEXWJHE7tRyHk+xu9pZULJxG1w":{"chainKey":{"counter":3},"chainType":2,"messageKeys":{}},"Bc9IUkmkEnBy1pg4jF9H1vH1U80PkC/kaWp5027Da5kh":{"chainKey":{"counter":1},"chainType":2,"messageKeys":{}},"BV7TTYXnbz5wAJVgMG5TsvjDUjzHkBNESz2bDdR4wzUg":{"chainKey":{"counter":1},"chainType":2,"messageKeys":{}},"BZFrODLOeBdH9cjOevYA0NOM5hgC5WjBgVR5zLcXLdlY":{"chainKey":{"counter":2,"key":"XLT8DQd4CCFiQfz2nEc0406vXt0hS58Z5U/4urN7ORc="},"chainType":2,"messageKeys":{}},"BYpFsC1njgrClUIFvkHGzWXec7K5EbbgY/ks4lDKS/xC":{"chainKey":{"counter":0,"key":"1cacljwUcjBbSGIiHAC5gC/Fw+eAl8gUv4PAzY0qSyg="},"chainType":1,"messageKeys":{}}}}},"version":"v1"}