{"_sessions":{"BX/nQIHdKi7lLmka8rMYWq9KWKeX5MtuEKwRDMXL20A4":{"registrationId":768671228,"currentRatchet":{"ephemeralKeyPair":{"pubKey":"BYtwHKP2jyBpFajJ40eGAY7Rj9dGKbqRehl9oi2Myx41","privKey":"8BaqhbyPq7Vb+A/YoKBv27pOT7cjh3vu/ytfzwpc+lk="},"lastRemoteEphemeralKey":"BZWv/FrOS/3a7dIUDB3tJC6Y3TaCiH3PtnjVjW/d6Jdr","previousCounter":0,"rootKey":"friZnemGmGr1EDREb4L+cZE1rQ6V7w1UP3DkuiNhip8="},"indexInfo":{"baseKey":"BX/nQIHdKi7lLmka8rMYWq9KWKeX5MtuEKwRDMXL20A4","baseKeyType":2,"closed":-1,"used":1736338373078,"created":1736338373078,"remoteIdentityKey":"BX2xUq6uF4CHpndJBT1L1/Ae3Ixp3Olr0dgBYYDQ1NgD"},"_chains":{"BZWv/FrOS/3a7dIUDB3tJC6Y3TaCiH3PtnjVjW/d6Jdr":{"chainKey":{"counter":0,"key":"brkqIq8x41Kv1x1oNGSvqpjm9qfC4AbBwmba1Hfs4/s="},"chainType":2,"messageKeys":{}},"BYtwHKP2jyBpFajJ40eGAY7Rj9dGKbqRehl9oi2Myx41":{"chainKey":{"counter":-1,"key":"2KFuc5QOCRxHhWJtBuD71isjV5iSP58/OQhgB3qD0MM="},"chainType":1,"messageKeys":{}}}}},"version":"v1"}