{"version":5,"hash":{"type":"Buffer","data":"onV9CMcZiieN0lD2cdOrMFqOlKVXRgTDDygvkJ9JiNPLsnY3LAfWCU9QrPjS8BlrefEfXmaukLGCJHxMKV6esOtLiN58GZU5Zuib1X8hbGPcee7GbIAlYwqOr+1+fT0FHBxc+VELoRGSg3cQBoIJdC2rgmMoStD6yv+saBhUqyA="},"indexValueMap":{"SQ/1OneObku+S2kx+Czx3dkhWUTqsYuYr4fgTT3mJ5o=":{"valueMac":{"type":"Buffer","data":"PAKKMSY+dUCt7CcuYO1BGH7bzUTH7bsIuL4mwTOZ4OE="}},"SR66GEMGWQ72Xx2NCeMIkL7JbAgStVObZ6mSy2obDmc=":{"valueMac":{"type":"Buffer","data":"BDzemHqLiSHeBe7IuS0uWz2/mZ1kk9keRhBfWJW7ADk="}},"VlwdtIp+P+CcXtLspiEEIofdL58tpdg6BZUVsEiN+is=":{"valueMac":{"type":"Buffer","data":"altHGTpOS6CqnuX3QOl/+VF1GJ3YkeJAIGi3lv/t7Gs="}},"V78T2TMzx/nc1WFKNIcO7bKnAXj3xH9UzAzhllvaLIk=":{"valueMac":{"type":"Buffer","data":"97j2qHOQVVZf9JDYxs9R2/hdhBSOcsDjxutE3XVvkZo="}},"ZrVTadWZh3ASXGHNLu+g0sa14ChQg8IJE0mWyM1Ogao=":{"valueMac":{"type":"Buffer","data":"/mGY3qxzN63ye7jUdQ8DrIHCgycmnYZPm/mFs9lRrdM="}},"ag7ssuLeRjm4ybPrPXcJpDAZ+EcIkZsYsh/j2fGdi+U=":{"valueMac":{"type":"Buffer","data":"rvuJOnl4kNoJAEItqhhc8Qw2TttpMkC77XQSfw+Wkbk="}},"bK1FNxkjTl182LV5mCZBMX52C40BR/JMk9w94E/iAog=":{"valueMac":{"type":"Buffer","data":"YHz0uFqanT79UYa5+6T4IGP2NV/502ypxPQ66+UTtpI="}},"diU8rqbThmpLqhhMCwCHX4SdWUBBlFl+KwLIEPnuuQY=":{"valueMac":{"type":"Buffer","data":"d6BGgOGhK+W2hAhLA7hY30Jh4yCl/8K3sfrzRD3dbo0="}},"kDqEizFFqL+vsWGe5/VNPW1MpmYxcca7fCDwXOFQ9sE=":{"valueMac":{"type":"Buffer","data":"G1J84+jU9nw47ScJQtpkcC9Slq4l3ChbZPDiGwOaUQ8="}},"lDSucioX4TWeb+hldKx5TVoufJqH8LiBajyT6YPjIao=":{"valueMac":{"type":"Buffer","data":"oNT+mIUI3j403p+ddNsL3S5o9aL8st41FAP8iV0hjdI="}},"pRCwb1AOJa2xCRr2vJAAC+WaLc/e0hLQ6hrLkgYq7IE=":{"valueMac":{"type":"Buffer","data":"Q7n6DYMmYBIACISF5wepmViaDlca5/bqnIYbOFJDJEU="}},"qitK+Yr+JEvjlRqL1UwQu/abT/s06O2wvb4obKUQMFY=":{"valueMac":{"type":"Buffer","data":"v4WBC64psXV2R+fYPoiy36h7IGTzxR7oEyn7oFmB+jA="}},"3joKDl0wBj6GwVUS9loLeKWhExBR2CjapXYYlhf6K1s=":{"valueMac":{"type":"Buffer","data":"E2d1Wz4AE0oT7lNg4UdVeoHgT9B+tSM6wukvQiBcw14="}},"4Sn98VoPn5AdobvY23TkVVvxB3xhFSMbZMXY0alOiCo=":{"valueMac":{"type":"Buffer","data":"wBLf4s1DxGztcgtU5xN0Kzfl7PUbfrx8VZ836BlhC2w="}},"Rz2ol8WqcWrQ8Y3m34UvzQfHRr8X/o1bMDVm1O5Pr5U=":{"valueMac":{"type":"Buffer","data":"kNaBAeF9sBMTcwGBnzBqfPlWhSnEzkJxR4bezChskwA="}}}}