{"version":2,"hash":{"type":"Buffer","data":"Rp4ReHnKnNF+6xKsjtj7mJIwpVypuT3xqXcs2wmFTt/VYMh+SQfAfY0fwSq7mdEa3lBEQLPUBu6u1v3GxHoM70Pcs8fXp50a7GSTK0o4jJftqo+jOM9YFENGrK8PlRPRkLkMN+7AlCI4t0PEfJvriKYqNknILGp7ojWuHv5pRVo="},"indexValueMap":{"NNNNPmPxyAIaq4WAjWMU9O8HBFkGCDQbE7a5feK0lRE=":{"valueMac":{"type":"Buffer","data":"19OEgJqrt2ej3b9DOnk1ve5hy0xPXv3YMxjHcmgcYUM="}},"PUg3LntIDa8YZJPfTdOoDDIGxdQv62tl+5CSmSaRlLU=":{"valueMac":{"type":"Buffer","data":"wMI8V1dlsxVQ5MeLzZytRdIzcCbPOY9smzzZBh5GrQU="}},"fPugUWDuFmcTQQ2KnUbiYGAgvh7QWpLPltpNm31hR/I=":{"valueMac":{"type":"Buffer","data":"pHO9yetbjsh+Wd6NDZGvnLm5b8m8Kmuyrx+jT6q8a6c="}},"gSvpPfiS1dsS+/9NpptiGNVfRdkQImzynH+8mpkBbMU=":{"valueMac":{"type":"Buffer","data":"u4mBIkecOd0rAh1jw9G+vuvEPnZirEDza/z2DYEWu1E="}},"7tThbtWjr/flfhO7sI8KcMcosKQJCeaaix5CB4lQS9o=":{"valueMac":{"type":"Buffer","data":"XnGmqIj1I8THNNOlabGK8sHscvaQsRE4s2hjhNfoTzs="}},"8T7ipz2x281J35OrdIHEtPAE+Rj84BlIuzmU7HkKpvM=":{"valueMac":{"type":"Buffer","data":"C3SsxhX8hnmzIdUNnll22yuV63jjRGViFtyVy1uc79Q="}}}}