{"version":1,"hash":{"type":"Buffer","data":"53d2IQSgrrqCD8xssDa/8cc+jXO8lUY/z3MF0XgsCdpEkqf/2qHVuStqXgmlOYJWtaEEqSI414VxDzEsNEVu8IZEB1Tkz7J3kydFl9RlZgwmFox5I9mfXek28Oyjlyf8oORYB5pObqQpjPo9dDiTmIRilq5xSZv6qL4bZTDEkjQ="},"indexValueMap":{"Pzs+1zKNNua+UsQPevgrlm5L5sktqpVbgTcewx4GRWA=":{"valueMac":{"type":"Buffer","data":"0DVDeS0SWsaLCnJzbvYUD0uNnzCAW7VQIQOrmh7GkoY="}},"4HkDD+rHGexZos2Wa22kjEI79PMd2ae3AzPvF79ooks=":{"valueMac":{"type":"Buffer","data":"LrqS1DqWoKAreyv5bzB0ELy3W2iBuMBb60OaEKIbgFg="}}}}