{"noiseKey":{"private":{"type":"Buffer","data":"oFPz+Z4vgurUz9Xr1zDBOQjs4oERMhw2RIfeFeHMAmg="},"public":{"type":"Buffer","data":"G+lj7GK6pQao+qmgB/3wvFrJiAIdIoOdfxRsnOSu8Fw="}},"pairingEphemeralKeyPair":{"private":{"type":"Buffer","data":"yDPK1djEy5IwW/UdsLm1mO+U90v+h88oCOl+0rIR5lM="},"public":{"type":"Buffer","data":"2OZTAatECM20zC+2SVjArTwtCdiZoVIdYLPbM89frAc="}},"signedIdentityKey":{"private":{"type":"Buffer","data":"4Llq8CSMcXLMKaYXUauL2cM2ii5gsnllotWOQXwaAWo="},"public":{"type":"Buffer","data":"G/SAuHhTlBuwWVPw4NPQXPQBU2klPX5GSr2laPVr3Ts="}},"signedPreKey":{"keyPair":{"private":{"type":"Buffer","data":"kPYMx40NkwilfxZSRnB//H9zXrMZLyPQNgb6IKZVw0U="},"public":{"type":"Buffer","data":"xErv2rvRRye5CsSxylhsFjAmBZF4yDECN16QxCZxC0E="}},"signature":{"type":"Buffer","data":"+y3IO3vTV+/UVZrnbKnGJ/MuRZng/0Z/KOFzhk0m8vFPbfkfgQN3e7QjYWOQTb84ZE/Bfl8qX9o7LdfIISIAhw=="},"keyId":1},"registrationId":250,"advSecretKey":"QYS7fZLIIh2ytRT0FWrLOitdcjw9ZvsnSh6AGVrjt5k=","processedHistoryMessages":[{"key":{"remoteJid":"6285728092025@s.whatsapp.net","fromMe":true,"id":"0B3088A4EBB21A0ABD2EBEEC10F2A874"},"messageTimestamp":1736671768},{"key":{"remoteJid":"6285728092025@s.whatsapp.net","fromMe":true,"id":"E0255E2E52EA8F0BFF9A287122C01673"},"messageTimestamp":1736671769},{"key":{"remoteJid":"6285728092025@s.whatsapp.net","fromMe":true,"id":"21F5411B6CB0D94AB0223712FEE954C7"},"messageTimestamp":1736671770},{"key":{"remoteJid":"6285728092025@s.whatsapp.net","fromMe":true,"id":"33F2393A6F4F44CA2D82D25157E6C382"},"messageTimestamp":1736671771}],"nextPreKeyId":31,"firstUnuploadedPreKeyId":31,"accountSyncCounter":1,"accountSettings":{"unarchiveChats":false},"registered":false,"account":{"details":"CKi+jJ4HEJSEjrwGGAIgACgA","accountSignatureKey":"mQgTKz90uc5yzBefRpp9R+FxtoMNrJoXe0CRmQQHgU0=","accountSignature":"5YUbsnIaXX5qgxSzcLJVfIQVUZL0sKbmFV/qz567bwWpbMvDV2Ro0LYHdruTuKW8DhE9okgQU8Xix3Qfx7G2Cg==","deviceSignature":"XtJm1YCmJEuEHFzU6fJN2oSQtyAeXUncBPboSAlyC5y5g+PuMVf6dyLt+wcjv+28dVS8cLdJcajziusruBtYjw=="},"me":{"id":"6285728092025:2@s.whatsapp.net","name":"BOT SPNB","lid":"144693723680900:2@lid"},"signalIdentities":[{"identifier":{"name":"6285728092025:2@s.whatsapp.net","deviceId":0},"identifierKey":{"type":"Buffer","data":"BZkIEys/dLnOcswXn0aafUfhcbaDDayaF3tAkZkEB4FN"}}],"platform":"smba","routingInfo":{"type":"Buffer","data":"CBIIAg=="},"lastAccountSyncTimestamp":1736943033,"myAppStateKeyId":"AAAAAJoc","lastPropHash":"3R9Z39"}