{"_sessions":{"BTcKsTEq2y8gtRzeI5a4mWpo9ql60pRzlAc//zp3qk80":{"registrationId":768671228,"currentRatchet":{"ephemeralKeyPair":{"pubKey":"BcEibIPEvr5fLJAy7KFvY77gHQdB5SLiCv5o4G+s3VRd","privKey":"0PMfbJzK28iqzUNYH/ghKvn0bqTxhw0zfVS1uJsl/20="},"lastRemoteEphemeralKey":"Bb9mAGW0Vf+NFSD1dlNqRfSreUL1eUUuKHRwz4xh5C9/","previousCounter":0,"rootKey":"pXc+W57VPQuySweiL4G5VC/3Z9zFE1ta5aJBHKssPnU="},"indexInfo":{"baseKey":"BTcKsTEq2y8gtRzeI5a4mWpo9ql60pRzlAc//zp3qk80","baseKeyType":2,"closed":-1,"used":1736943071956,"created":1736943071956,"remoteIdentityKey":"BX2xUq6uF4CHpndJBT1L1/Ae3Ixp3Olr0dgBYYDQ1NgD"},"_chains":{"Bb9mAGW0Vf+NFSD1dlNqRfSreUL1eUUuKHRwz4xh5C9/":{"chainKey":{"counter":0,"key":"5K/nzbIpug1aY4hwZSITNl53qLmnGR4ZF49Kn1Lf0Ck="},"chainType":2,"messageKeys":{}},"BcEibIPEvr5fLJAy7KFvY77gHQdB5SLiCv5o4G+s3VRd":{"chainKey":{"counter":-1,"key":"uI2nW8gENiF+fn/MYcO4NrTvlsdTercLPex4GKpw0pg="},"chainType":1,"messageKeys":{}}}}},"version":"v1"}