{"_sessions":{"BeU4q/+e3VpDrA9qwwIcdxTwMC3Wx3DfZt7gLlI9S4J2":{"registrationId":14118,"currentRatchet":{"ephemeralKeyPair":{"pubKey":"BUgDm4te87bvQtWTWIkl6DuS4xSpkuchIromPtrdUfdz","privKey":"mF3vWliHG8kL6TpQ6ixRCb5kVkWpjTOxJKefa+zXZF4="},"lastRemoteEphemeralKey":"Bak4v31+YIjkTLn6WmVwN/qM4+NGbsNaHSrjo4muM/Q5","previousCounter":0,"rootKey":"AtvI1PcLWdhY5lowZ+oDY0iF46GupMVpMDTyPzuxIT8="},"indexInfo":{"baseKey":"BeU4q/+e3VpDrA9qwwIcdxTwMC3Wx3DfZt7gLlI9S4J2","baseKeyType":1,"closed":-1,"used":1736860159009,"created":1736860159009,"remoteIdentityKey":"BZPgs/96uJv9SMNlp8mS6vZaKP9wN8hosyHBCY6T8OJy"},"_chains":{"BUgDm4te87bvQtWTWIkl6DuS4xSpkuchIromPtrdUfdz":{"chainKey":{"counter":16,"key":"aiuwVVtD2KtlJWGz76fK4dsEBy06cpzqcyuEH2gkzKM="},"chainType":1,"messageKeys":{}}},"pendingPreKey":{"signedKeyId":1,"baseKey":"BeU4q/+e3VpDrA9qwwIcdxTwMC3Wx3DfZt7gLlI9S4J2","preKeyId":60}}},"version":"v1"}