{"_sessions":{"BW5XuB4wYl8OEgTrlGp1eBT3PWARGXv4rC1WFzzFUCgg":{"registrationId":49,"currentRatchet":{"ephemeralKeyPair":{"pubKey":"Bff+0C5PkV0bKoQNloY2IwtEz+qvRSHnzzQOSSt4an9N","privKey":"+HvE0ArIlJlNWtq8Id8aKfr9wtVR+hY7/dbnSC6JZFo="},"lastRemoteEphemeralKey":"BXsoQFvrJPAgOIXgIl48V1oKC7knDYaCxEK3VkkC8TNW","previousCounter":0,"rootKey":"h/o75IM3KRqoF7tDWo6F2iEp7hkKObUJKEcICLHF7Rw="},"indexInfo":{"baseKey":"BW5XuB4wYl8OEgTrlGp1eBT3PWARGXv4rC1WFzzFUCgg","baseKeyType":1,"closed":-1,"used":1736671787723,"created":1736671787723,"remoteIdentityKey":"Baj9Y5unvXyMws/Ua53yfx6F7KmgthT/8TZ4nUV50VMN"},"_chains":{"Bff+0C5PkV0bKoQNloY2IwtEz+qvRSHnzzQOSSt4an9N":{"chainKey":{"counter":41,"key":"p/WuivgwDZxsp9yQJscdnYC1XrxD7/C5LnQkUtpYk9E="},"chainType":1,"messageKeys":{}}},"pendingPreKey":{"signedKeyId":1,"baseKey":"BW5XuB4wYl8OEgTrlGp1eBT3PWARGXv4rC1WFzzFUCgg"}}},"version":"v1"}