{"_sessions":{"BSMeuq3PyiwjFtYJ6zU28SRZJuiOFM7PFaJTeSx6+FtC":{"registrationId":1313,"currentRatchet":{"ephemeralKeyPair":{"pubKey":"BV7YKL3Ua74rYvTnChxgAmYedl6ZnDXJqrcDHS0SRnAw","privKey":"QHUzEGogueMda833mY5UFAz4ZTEhXRAJ0u9XVDNAM1o="},"lastRemoteEphemeralKey":"BQywlCyX+7OiciqrKq1XEf+S4XCTMJ7pJoE4mapvsZAP","previousCounter":0,"rootKey":"iqfSu7C/UPZQWSGBYrtCp3fVNTpK4YgGNziumkljubI="},"indexInfo":{"baseKey":"BSMeuq3PyiwjFtYJ6zU28SRZJuiOFM7PFaJTeSx6+FtC","baseKeyType":1,"closed":-1,"used":1736671787720,"created":1736671787720,"remoteIdentityKey":"Bf+o3AnNNIsPqKSkDjMYipmLhXrfDfCEuaI/NjLSrnl5"},"_chains":{"BV7YKL3Ua74rYvTnChxgAmYedl6ZnDXJqrcDHS0SRnAw":{"chainKey":{"counter":32,"key":"7r7DgcVV8ZdrxTCxUKmfsHdJlXrNTTPjWpUBzqI9LvY="},"chainType":1,"messageKeys":{}}},"pendingPreKey":{"signedKeyId":1,"baseKey":"BSMeuq3PyiwjFtYJ6zU28SRZJuiOFM7PFaJTeSx6+FtC"}}},"version":"v1"}