{"_sessions":{"BVASDGX8i/SM72SL0PKkAEUzcajdn659QgvSJgotgEgE":{"registrationId":9773,"currentRatchet":{"ephemeralKeyPair":{"pubKey":"Bd0njNtYTfi/gtpowNq076oo8RyM40hNAVWuiYDGLDZB","privKey":"GH8xm4kLB6AXwKEltGUrc8UPig/UKq7WXTbpYXFar0o="},"lastRemoteEphemeralKey":"BZ4jl7LWObNYeR0f7+w04XWVtPJGWh3uPdvaPHimrlVM","previousCounter":0,"rootKey":"2XrfCTzFIIg2dIjwkq9YxZ3BTTs8+goe45OhwBIbZvs="},"indexInfo":{"baseKey":"BVASDGX8i/SM72SL0PKkAEUzcajdn659QgvSJgotgEgE","baseKeyType":1,"closed":-1,"used":1736671787727,"created":1736671787727,"remoteIdentityKey":"BedPVOz4HxpcrZOYY3h9VH6+EXqfDyIdRW3CJvuyD5ti"},"_chains":{"Bd0njNtYTfi/gtpowNq076oo8RyM40hNAVWuiYDGLDZB":{"chainKey":{"counter":15,"key":"lYNfJI8ZagYp7y9975Elj9h705yilI9ZWjfgCDDmZkg="},"chainType":1,"messageKeys":{}}},"pendingPreKey":{"signedKeyId":1,"baseKey":"BVASDGX8i/SM72SL0PKkAEUzcajdn659QgvSJgotgEgE","preKeyId":35}}},"version":"v1"}