{"_sessions":{"BXGgm5gLqZxu2IoSBF9sI08yLzb6Wr140+m6QXZQpUBl":{"registrationId":421168420,"currentRatchet":{"ephemeralKeyPair":{"pubKey":"BTK62owBBj8Ya2YdjmP6DEACWcK0BcRtgYPtTMqiI8l5","privKey":"0Il5DSe/Q0/2WkK+ktVp3iUyRBZOQ+l+iWPQo2z1W1w="},"lastRemoteEphemeralKey":"BbrKlOoCXWrP7sVMtXwX5wNL2/Kh5RGuj43fzfmO1bUb","previousCounter":4,"rootKey":"QWXfvAuDnS6h3/0CKqLPnWWxt7nGZRhSzvZZYhp1Ib8="},"indexInfo":{"baseKey":"BXGgm5gLqZxu2IoSBF9sI08yLzb6Wr140+m6QXZQpUBl","baseKeyType":1,"closed":-1,"used":1736691153550,"created":1736671787731,"remoteIdentityKey":"BQDQi8PIIvw7keQaQnlsfPyXTo7ZUUfmnmPEr8oNiuZ5"},"_chains":{"BbrKlOoCXWrP7sVMtXwX5wNL2/Kh5RGuj43fzfmO1bUb":{"chainKey":{"counter":1,"key":"/nIxqnkByvyQQkpCik0666rSEQyrDXjaE1iUPacNB0A="},"chainType":2,"messageKeys":{}},"BTK62owBBj8Ya2YdjmP6DEACWcK0BcRtgYPtTMqiI8l5":{"chainKey":{"counter":10,"key":"XE1F3vNhFxTib1Fo/XBMMrgZymbhv5PBSb/eA2bmdDU="},"chainType":1,"messageKeys":{}}}}},"version":"v1"}