{"_sessions":{"BeVuTwZL5/rqbhnG4IW8X2D81yuTLqEAgc/MW35fLt9f":{"registrationId":111631815,"currentRatchet":{"ephemeralKeyPair":{"pubKey":"BZlfxZmijWclgkMqjCdWUaGI2AORvq4OHRoMMxDE5lNV","privKey":"KPSx2Gh4wBH/GDDR9oeXovPHM8HY241UeM1INKXYz2o="},"lastRemoteEphemeralKey":"BbZK2RMj6+Z6IvRDFEoSejyFa0No6G/hglRMDNeJf6Ad","previousCounter":0,"rootKey":"glSeXKuyU/7NSKE91qH0Ul4F6sgTkbmxIZn/WannHmA="},"indexInfo":{"baseKey":"BeVuTwZL5/rqbhnG4IW8X2D81yuTLqEAgc/MW35fLt9f","baseKeyType":2,"closed":1736945925398,"used":1736671768474,"created":1736671768474,"remoteIdentityKey":"BZkIEys/dLnOcswXn0aafUfhcbaDDayaF3tAkZkEB4FN"},"_chains":{"BbZK2RMj6+Z6IvRDFEoSejyFa0No6G/hglRMDNeJf6Ad":{"chainKey":{"counter":8,"key":"I2BRjuuZaMfC6ty+n1mLrzYYCvcJjcLNsV8ZCeyqVVc="},"chainType":2,"messageKeys":{}},"BZlfxZmijWclgkMqjCdWUaGI2AORvq4OHRoMMxDE5lNV":{"chainKey":{"counter":66,"key":"AQG4TndqsEUxQyig8+Nzj4tBFWOoUh/lh5y7ovKGDx0="},"chainType":1,"messageKeys":{}}}},"BWDLsU8zR4SsEcWWNvXvN1uQ1yqu838AJm1ikIeKsS1L":{"registrationId":111631815,"currentRatchet":{"ephemeralKeyPair":{"pubKey":"BfFthtCuKskZmMLBpQNbpZvR1mF2fDZ3ns0kBxzPvwg5","privKey":"wHXTBv5z+T8Yvq9DGSTha1NfDvCXHItdIAouP2Dl91w="},"lastRemoteEphemeralKey":"BfiOub4iGN+SgiAvYyGGL1IMCsR+xqfJtXoqF7PUyucc","previousCounter":0,"rootKey":"LqUvqOgRGB8tZWVYes7wZR5ZMWTbUCMNyroUxubMnvA="},"indexInfo":{"baseKey":"BWDLsU8zR4SsEcWWNvXvN1uQ1yqu838AJm1ikIeKsS1L","baseKeyType":1,"closed":1736945964904,"used":1736945925394,"created":1736945925394,"remoteIdentityKey":"BZkIEys/dLnOcswXn0aafUfhcbaDDayaF3tAkZkEB4FN"},"_chains":{"BfFthtCuKskZmMLBpQNbpZvR1mF2fDZ3ns0kBxzPvwg5":{"chainKey":{"counter":-1,"key":"xx6EQmuiUD4zgHTZkqN6WP23gODQKD8Qjq0g7faJNgQ="},"chainType":1,"messageKeys":{}}},"pendingPreKey":{"signedKeyId":0,"baseKey":"BWDLsU8zR4SsEcWWNvXvN1uQ1yqu838AJm1ikIeKsS1L","preKeyId":10752837}},"BSiVbqXQlFWd6qnHjQEPnHgNpyDsJU3niYcmbhjsw7BP":{"registrationId":111631815,"currentRatchet":{"ephemeralKeyPair":{"pubKey":"BeP8n8WRnlcyIr/FFYrcvbLRv3XBvHCYm2b2yGDXbDJa","privKey":"GB2LvQdYEWDHsi99ldOEHcasCIpDIBgieGXse3funXc="},"lastRemoteEphemeralKey":"BfiOub4iGN+SgiAvYyGGL1IMCsR+xqfJtXoqF7PUyucc","previousCounter":0,"rootKey":"XIqoe9wRkuv4e3tsqxw4h8Eqp+dOlbT2yI9FUctJ6Tc="},"indexInfo":{"baseKey":"BSiVbqXQlFWd6qnHjQEPnHgNpyDsJU3niYcmbhjsw7BP","baseKeyType":1,"closed":1736945969228,"used":1736945964901,"created":1736945964901,"remoteIdentityKey":"BZkIEys/dLnOcswXn0aafUfhcbaDDayaF3tAkZkEB4FN"},"_chains":{"BeP8n8WRnlcyIr/FFYrcvbLRv3XBvHCYm2b2yGDXbDJa":{"chainKey":{"counter":-1,"key":"+8aoZb+tYw58LoitaguWpkPFTKY2TB14WpfbpQzvO3Y="},"chainType":1,"messageKeys":{}}},"pendingPreKey":{"signedKeyId":0,"baseKey":"BSiVbqXQlFWd6qnHjQEPnHgNpyDsJU3niYcmbhjsw7BP","preKeyId":10752814}},"BS2/lMauxViGb0hfc+ytVaJ2O3+EhRpAm9YeEvxxuYYA":{"registrationId":111631815,"currentRatchet":{"ephemeralKeyPair":{"pubKey":"BUv7CuAHUGaBtfnB1QpYSZ76io1mfstym8PGqeDQopkv","privKey":"sNGdSCk7btrsE43IKJ+AijoTzsXNbBIkEbfK/6NkPFs="},"lastRemoteEphemeralKey":"BfiOub4iGN+SgiAvYyGGL1IMCsR+xqfJtXoqF7PUyucc","previousCounter":0,"rootKey":"c+DSRIPSjsS6rJktGtw65QB/rqQYpTAFaP1m5NxMOoc="},"indexInfo":{"baseKey":"BS2/lMauxViGb0hfc+ytVaJ2O3+EhRpAm9YeEvxxuYYA","baseKeyType":1,"closed":1736945982117,"used":1736945969226,"created":1736945969226,"remoteIdentityKey":"BZkIEys/dLnOcswXn0aafUfhcbaDDayaF3tAkZkEB4FN"},"_chains":{"BUv7CuAHUGaBtfnB1QpYSZ76io1mfstym8PGqeDQopkv":{"chainKey":{"counter":-1,"key":"0vOIyhKnRpePsRHUg+hfyQiAhbnSfHbTUxJpUGSdmOE="},"chainType":1,"messageKeys":{}}},"pendingPreKey":{"signedKeyId":0,"baseKey":"BS2/lMauxViGb0hfc+ytVaJ2O3+EhRpAm9YeEvxxuYYA","preKeyId":10752820}},"BaLiPk5A+LnbhOcKa8f1qKCvzYr5exT/elhtKhg2ax01":{"registrationId":111631815,"currentRatchet":{"ephemeralKeyPair":{"pubKey":"BVri6TAQ+OqWCsZ/Wz+QkuyalFFQk2DTYtcFZaq8XsUN","privKey":"4OB4/e8LqNxKMvim7+dBuzTT8deTeSr3nPfElItgC2I="},"lastRemoteEphemeralKey":"BfiOub4iGN+SgiAvYyGGL1IMCsR+xqfJtXoqF7PUyucc","previousCounter":0,"rootKey":"x/UO+PxHzbgbUjRnr/GY9J++XuQeqcy26W1vgfV7aDU="},"indexInfo":{"baseKey":"BaLiPk5A+LnbhOcKa8f1qKCvzYr5exT/elhtKhg2ax01","baseKeyType":1,"closed":1736945982773,"used":1736945982115,"created":1736945982115,"remoteIdentityKey":"BZkIEys/dLnOcswXn0aafUfhcbaDDayaF3tAkZkEB4FN"},"_chains":{"BVri6TAQ+OqWCsZ/Wz+QkuyalFFQk2DTYtcFZaq8XsUN":{"chainKey":{"counter":-1,"key":"8TCZcHhGohjYnqZ6cLBETus9VRZZ3ntP0Ec5XwqNE2k="},"chainType":1,"messageKeys":{}}},"pendingPreKey":{"signedKeyId":0,"baseKey":"BaLiPk5A+LnbhOcKa8f1qKCvzYr5exT/elhtKhg2ax01","preKeyId":10752087}},"BdRyADlRxm4LjseONjOhEE2/BtkBiBje0fCGtVaRLRpM":{"registrationId":111631815,"currentRatchet":{"ephemeralKeyPair":{"pubKey":"BTNjYTScjohOA3SGrHNz1JYjq3u4948fChDlfgtD7oc3","privKey":"EBRHA01NExou3oHTtZ4XlWzu4E9ud6ER9r469M4j1Us="},"lastRemoteEphemeralKey":"BfiOub4iGN+SgiAvYyGGL1IMCsR+xqfJtXoqF7PUyucc","previousCounter":0,"rootKey":"XicBl7LiX6K+aM/gqG8qPOm2MDrkKYmlX80bi8Ulwgs="},"indexInfo":{"baseKey":"BdRyADlRxm4LjseONjOhEE2/BtkBiBje0fCGtVaRLRpM","baseKeyType":1,"closed":1736946095504,"used":1736945982771,"created":1736945982771,"remoteIdentityKey":"BZkIEys/dLnOcswXn0aafUfhcbaDDayaF3tAkZkEB4FN"},"_chains":{"BTNjYTScjohOA3SGrHNz1JYjq3u4948fChDlfgtD7oc3":{"chainKey":{"counter":2,"key":"6sRPtLniUbop1DbRb8X5izopeQYFyAeFLuFbU54Zb0Q="},"chainType":1,"messageKeys":{}}},"pendingPreKey":{"signedKeyId":0,"baseKey":"BdRyADlRxm4LjseONjOhEE2/BtkBiBje0fCGtVaRLRpM","preKeyId":10752836}},"BYpqEkv7Kbv88OkblpY9WO9X85xab93r86zeswXO5stU":{"registrationId":111631815,"currentRatchet":{"ephemeralKeyPair":{"pubKey":"BdQQyRq4FSrKT9x0BI6WjJmEVHTCU5DB5F/0+BBMkF9i","privKey":"WCAbR0AC28Wr2t8SzWPYsAbnda33TvOx1v469sfSg2M="},"lastRemoteEphemeralKey":"BfiOub4iGN+SgiAvYyGGL1IMCsR+xqfJtXoqF7PUyucc","previousCounter":0,"rootKey":"yhw1ad6j4AerP3bOMBQvmBvlnv5opNoKgzrw5UEz704="},"indexInfo":{"baseKey":"BYpqEkv7Kbv88OkblpY9WO9X85xab93r86zeswXO5stU","baseKeyType":1,"closed":1736946097863,"used":1736946095501,"created":1736946095501,"remoteIdentityKey":"BZkIEys/dLnOcswXn0aafUfhcbaDDayaF3tAkZkEB4FN"},"_chains":{"BdQQyRq4FSrKT9x0BI6WjJmEVHTCU5DB5F/0+BBMkF9i":{"chainKey":{"counter":-1,"key":"RQz4bVUAoZKAo5z0ZkxzyaM8OkeAr6YoCgkI1FknzqY="},"chainType":1,"messageKeys":{}}},"pendingPreKey":{"signedKeyId":0,"baseKey":"BYpqEkv7Kbv88OkblpY9WO9X85xab93r86zeswXO5stU","preKeyId":10752796}},"BYAFF2SdcCJBf0DazvuKbgvJzTIk8kdQZMLMjgldsPYl":{"registrationId":111631815,"currentRatchet":{"ephemeralKeyPair":{"pubKey":"Bb1kIsQExs58crCZUJ4S+eTR1KBNsS/tblhrO4NuV3EN","privKey":"OHvGEO49P4smbvw1jxm6ZNDYa9VyTjIShYOOW96jCHY="},"lastRemoteEphemeralKey":"BfiOub4iGN+SgiAvYyGGL1IMCsR+xqfJtXoqF7PUyucc","previousCounter":0,"rootKey":"5MOKCP557+U4IIW0s8V4zZ6J0NhBiR1fo7pGy3lGtxs="},"indexInfo":{"baseKey":"BYAFF2SdcCJBf0DazvuKbgvJzTIk8kdQZMLMjgldsPYl","baseKeyType":1,"closed":1736946210215,"used":1736946097860,"created":1736946097860,"remoteIdentityKey":"BZkIEys/dLnOcswXn0aafUfhcbaDDayaF3tAkZkEB4FN"},"_chains":{"Bb1kIsQExs58crCZUJ4S+eTR1KBNsS/tblhrO4NuV3EN":{"chainKey":{"counter":3,"key":"Q2dkh21XPrM5ey7+xsl3PiLgzn9vReTcEgbsdI70KCE="},"chainType":1,"messageKeys":{}}},"pendingPreKey":{"signedKeyId":0,"baseKey":"BYAFF2SdcCJBf0DazvuKbgvJzTIk8kdQZMLMjgldsPYl","preKeyId":10752096}},"BdBXMld27yoNRRkmL6/DJGtA8sdSaG6aSf6pcUDm7SNs":{"registrationId":111631815,"currentRatchet":{"ephemeralKeyPair":{"pubKey":"BTvmIjeGug5+FrEhEsU8EfyULnjBa32mCUNGjgHccG9e","privKey":"8GcdiOkVxd0ugyfru25W5gEZF2jSzFCxk4NFT4G2QFI="},"lastRemoteEphemeralKey":"BfiOub4iGN+SgiAvYyGGL1IMCsR+xqfJtXoqF7PUyucc","previousCounter":0,"rootKey":"+Wi6sh9tFPK1TBOF+tWyT5MRgDQXbfYV3Mmol99y37s="},"indexInfo":{"baseKey":"BdBXMld27yoNRRkmL6/DJGtA8sdSaG6aSf6pcUDm7SNs","baseKeyType":1,"closed":-1,"used":1736946210212,"created":1736946210212,"remoteIdentityKey":"BZkIEys/dLnOcswXn0aafUfhcbaDDayaF3tAkZkEB4FN"},"_chains":{"BTvmIjeGug5+FrEhEsU8EfyULnjBa32mCUNGjgHccG9e":{"chainKey":{"counter":3,"key":"4EZ7YG9SgfXXaGYGm4I4+iHlWjcj5Ydob2sKQHPaA0w="},"chainType":1,"messageKeys":{}}},"pendingPreKey":{"signedKeyId":0,"baseKey":"BdBXMld27yoNRRkmL6/DJGtA8sdSaG6aSf6pcUDm7SNs","preKeyId":10752810}}},"version":"v1"}