{"_sessions":{"BYw2HPAnR9MXQTRXsChnmpt8fi1eRMhHTguJvE8QfFx4":{"registrationId":1234,"currentRatchet":{"ephemeralKeyPair":{"pubKey":"Bamo9mU/WbwhbdjR8/5jtNJrjQmsmj7jir8YgJcklfZ6","privKey":"2JoSKcOT28D6K+QxOT/c4z/YXdi+UbXyqzR+YE0f1V8="},"lastRemoteEphemeralKey":"BUMNHLZZA5oIBhAxs0u+aLVlMYG0XxSHXaXDl52s38gm","previousCounter":0,"rootKey":"GWKpZpWuRdh5relfyjRxG2OgJMhDnYNAlGpOJplQZIM="},"indexInfo":{"baseKey":"BYw2HPAnR9MXQTRXsChnmpt8fi1eRMhHTguJvE8QfFx4","baseKeyType":1,"closed":-1,"used":1736943146299,"created":1736943146299,"remoteIdentityKey":"BSIJiebH0KrzKZkrOxp/fo0dNO0upc5iA0ODwIax2mYZ"},"_chains":{"Bamo9mU/WbwhbdjR8/5jtNJrjQmsmj7jir8YgJcklfZ6":{"chainKey":{"counter":50,"key":"5MiaE+GS8G+ioutoafvfhbLic/XSlhd5H0itSRlj2Kw="},"chainType":1,"messageKeys":{}}},"pendingPreKey":{"signedKeyId":1,"baseKey":"BYw2HPAnR9MXQTRXsChnmpt8fi1eRMhHTguJvE8QfFx4","preKeyId":168}}},"version":"v1"}