{"_sessions":{"Bf+708uR7U6momDm1Biqj4gu9LgMXC4ZTrvanevTi+hL":{"registrationId":1238661629,"currentRatchet":{"ephemeralKeyPair":{"pubKey":"BRt46/UaZzrKI2lpF1aepQ2rBrsRMK054QNhecCiOzwB","privKey":"cBWHDzN2YeBNQOs/irooZ5PvYimF79IbCFLFtvhs5FI="},"lastRemoteEphemeralKey":"Bdml4o+0vdzqP6rW2CwLmskWrvF4ppU4hZgAkbPLxaFD","previousCounter":0,"rootKey":"zWG19nwtoELNMZO9hdtx6SuGWrxbu8L9nYSfInssBXY="},"indexInfo":{"baseKey":"Bf+708uR7U6momDm1Biqj4gu9LgMXC4ZTrvanevTi+hL","baseKeyType":2,"closed":1736945924572,"used":1736946073020,"created":1736671786983,"remoteIdentityKey":"BbZmFWTWVuODjH2xmpi9NYNKq30mh0ODUaCpa9qrQl0C"},"_chains":{"BaQWJ6L1+ch2LsFjcB0FcWqCXyb9Ej95pqAFvBC2Vel4":{"chainKey":{"counter":0},"chainType":2,"messageKeys":{}},"BT0G+gK4in2F2MKQYObj68H/FcU6lTNjNFenT+TN4RF7":{"chainKey":{"counter":1},"chainType":2,"messageKeys":{}},"BTZK2cNHeNXsVduRWXUAcfAxyi2fJYn29zxiY3nHqqR8":{"chainKey":{"counter":0},"chainType":2,"messageKeys":{}},"BWxo7qu0ldzAKEh1C8crLolPhyrXHt308J2DL0PrE8B8":{"chainKey":{"counter":2},"chainType":2,"messageKeys":{}},"BdIh8hoI/xrH0UbPyotzVmkbqyl22esYSrXixm5lndRZ":{"chainKey":{"counter":0},"chainType":2,"messageKeys":{}},"BbWFau+Y7itiuLGvSd5wqGi54/HW/V3WGehovyOfVj0S":{"chainKey":{"counter":2},"chainType":2,"messageKeys":{}},"BTKQk+m7nfZYwhjg9PLjnlMezjSK0BBSjCuABoSO90A5":{"chainKey":{"counter":0},"chainType":2,"messageKeys":{}},"BT5pNdpW+Pxro0t2vKMUkDFBFvU+HA0Vyeu876/GNURO":{"chainKey":{"counter":0},"chainType":2,"messageKeys":{}},"BVT7/SMAic4GOzG6vkZj5rZYCefHWQUHh9nGjY/dmel/":{"chainKey":{"counter":0},"chainType":2,"messageKeys":{}},"BfKJDZUKFIgistytyV6fXCMvGpr/jsZZK3NO/5/WwHBj":{"chainKey":{"counter":2},"chainType":2,"messageKeys":{}},"Be78b5dB6ESjCVSBJDYCb+3oNDgpRP3CQlda5axCbs4S":{"chainKey":{"counter":0},"chainType":2,"messageKeys":{}},"BaXovsaTtren6obQspQuh9iFilGz0OChWEb7ZML33YAJ":{"chainKey":{"counter":0},"chainType":2,"messageKeys":{}},"Bbf26ZmgRcFJxLbv63CWz+8k6LbfCp0tAw0F/7T4I+gq":{"chainKey":{"counter":0},"chainType":2,"messageKeys":{}},"Bd1vV90wSRpCPMFzsPqyL9iNWmDzm60gQzioUf50G09O":{"chainKey":{"counter":0},"chainType":2,"messageKeys":{}},"BTGGCQAVTTE9URoDoWIB/rSfVSbVzxKRdW7YMIk4u/Q6":{"chainKey":{"counter":0},"chainType":2,"messageKeys":{}},"BWX26O0dBCQ0ooSeMa9ywKlurYjICA9v9p2ypClPlChI":{"chainKey":{"counter":2},"chainType":2,"messageKeys":{}},"BXYM8iDPK8l/fB4PcBqi8ew+gQYOru7SeatvIpn6Spwc":{"chainKey":{"counter":0},"chainType":2,"messageKeys":{}},"BRWP6FxYLBEK2qvyin1eUX9JJJ80UDhakDe7r0NSCg4Z":{"chainKey":{"counter":0},"chainType":2,"messageKeys":{}},"Bc0h/aGT7As2FlMoSxgyo2SzQJDIfLqfv+82su/TaPpr":{"chainKey":{"counter":1},"chainType":2,"messageKeys":{}},"BTIE0f13IgWJASf++VGFAebmPVSTo3TVxMLOBWbEF5oi":{"chainKey":{"counter":0},"chainType":2,"messageKeys":{}},"BcMbY6SDbxm2WX7kJ5vjRuTVgzDYHE5KommZD1GToVx5":{"chainKey":{"counter":0},"chainType":2,"messageKeys":{}},"BZKJrd3fx8yWGYUOrqXOuZVYk1TTaip8AoTGaYlNh7d0":{"chainKey":{"counter":0},"chainType":2,"messageKeys":{}},"BYqYJirgsYXlSewu+56N2F+y52z1LZIlOwWAIyhBamVV":{"chainKey":{"counter":0},"chainType":2,"messageKeys":{}},"BUrult8uMb6vaHJ16wkZwMUyGAG2KAQb783SFMj2Tndq":{"chainKey":{"counter":0},"chainType":2,"messageKeys":{}},"BSQzeUAh1ud7c1HlCkw8X5B5q817ZFqzGY77D9dkmDV0":{"chainKey":{"counter":1},"chainType":2,"messageKeys":{}},"Bbd6FtKlWbzBoWssEztlIufOJWjcGgERIsax4dJGeNks":{"chainKey":{"counter":0},"chainType":2,"messageKeys":{}},"BZpNukoj9e4r+ZQ1Gzty3e03vGGglhbOeC5vJ6L6IsQw":{"chainKey":{"counter":0},"chainType":2,"messageKeys":{}},"BXA/4FFue5jqW9yOrVk3eBcb1jtnF9uWiTe3CLMaRB0s":{"chainKey":{"counter":0},"chainType":2,"messageKeys":{}},"BVfk7W62jpV9adaggDgufutuhZqIOzt9iN38sueAOPdz":{"chainKey":{"counter":0},"chainType":2,"messageKeys":{}},"BR8J9b7SHB4P+LVRyq4JzUPKbkId33GGpCjb0SZH3qRS":{"chainKey":{"counter":0},"chainType":2,"messageKeys":{}},"BanGCtfIRI/RV96CEN1qIp+MeaQlI3lLrm89K5RepOQw":{"chainKey":{"counter":0},"chainType":2,"messageKeys":{}},"BVp85P1wO9/RsFvnciCLj/ozNjeQ8ws/a6uY2dVdoz0S":{"chainKey":{"counter":0},"chainType":2,"messageKeys":{}},"BQFMgIV+CWsqS+oguE4GkGMrmJyJz+tfUG7dTH2T07Bh":{"chainKey":{"counter":0},"chainType":2,"messageKeys":{}},"BTmM3gB630ggYyepT/aDQ17gDquUnJYsGEbz5VwxOfxX":{"chainKey":{"counter":0},"chainType":2,"messageKeys":{}},"Ba82AIgUMJV/zwj3tF3n3hbQV91+plINW4DWSKW2JmJg":{"chainKey":{"counter":0},"chainType":2,"messageKeys":{}},"BdmD73PKHf9EO+/4gvzgg8L6K9kValKzH694oZHm8BMB":{"chainKey":{"counter":0},"chainType":2,"messageKeys":{}},"Bb57OKCIaDbpDNJ/Sy6BkzeA6c9zhWLKC12aNo/AnAtZ":{"chainKey":{"counter":0},"chainType":2,"messageKeys":{}},"Ba2/IjHmvUoho0TD7s598SH6frcV72YCU4VwUipeM0Rk":{"chainKey":{"counter":1},"chainType":2,"messageKeys":{}},"BXa24/3I0rDyvYxzy/RV7CBGMFGxl9IDh0etUoaNBQJw":{"chainKey":{"counter":0},"chainType":2,"messageKeys":{}},"BWgLhCvO47i+NYUAQvv0vPSF7Gxm3iU7rCOlh09QVwAq":{"chainKey":{"counter":0},"chainType":2,"messageKeys":{}},"BQm1n4mPBoUwv8BswcE1z3NUbU6FBdyjJG3EqL+QSEQj":{"chainKey":{"counter":0},"chainType":2,"messageKeys":{}},"BVPi28PFXpS9+w//PboIXuByvKWPfoLz9Ti/skfYw4R+":{"chainKey":{"counter":0},"chainType":2,"messageKeys":{}},"Bf1nkzcTGGUa2vbcYEJnb+y/tD2DDtvrvACC4ARYTyQT":{"chainKey":{"counter":0},"chainType":2,"messageKeys":{}},"BTWqg4URrRn6rCrPSGH3gl1AMB08SzuqflRbArqUCCQs":{"chainKey":{"counter":0},"chainType":2,"messageKeys":{}},"Bch7+XDLMKcXHI9dVf52EsADMJgpF2uwChVCuZctNdBJ":{"chainKey":{"counter":0},"chainType":2,"messageKeys":{}},"BZjo461l5MjUYvIaS28BNhuVPeiYSAEnWPcrx8EGBAlw":{"chainKey":{"counter":0},"chainType":2,"messageKeys":{}},"Bdml4o+0vdzqP6rW2CwLmskWrvF4ppU4hZgAkbPLxaFD":{"chainKey":{"counter":2,"key":"elfAsnpLZhR0x5egrGOEX46hwYkzkyDgu6Iu5z8j8qU="},"chainType":2,"messageKeys":{}},"BRt46/UaZzrKI2lpF1aepQ2rBrsRMK054QNhecCiOzwB":{"chainKey":{"counter":-1,"key":"7N8vWyYu09XEPWe5hE+0ndmsO1Id9oAop/0w2EVAlBI="},"chainType":1,"messageKeys":{}}}},"BUtAKGFDn9MY03N7Hn/P4q0n43Nl/QqhBhXYkPXqFw4U":{"registrationId":1238661629,"currentRatchet":{"ephemeralKeyPair":{"pubKey":"BYpWRPPhKz4ppfduGopH5dv39r485/63ccvScBPvp2V0","privKey":"8DSucygLgLIhR3/2xk2g0HKUVXftnSpZPNdBgRW7Emg="},"lastRemoteEphemeralKey":"Bdml4o+0vdzqP6rW2CwLmskWrvF4ppU4hZgAkbPLxaFD","previousCounter":-1,"rootKey":"Vmck56Cm8MxddVUGdaQV3WjhIFfywjYwsgNJzs0hYsw="},"indexInfo":{"baseKey":"BUtAKGFDn9MY03N7Hn/P4q0n43Nl/QqhBhXYkPXqFw4U","baseKeyType":1,"closed":1736945965596,"used":1736945924567,"created":1736945924567,"remoteIdentityKey":"BbZmFWTWVuODjH2xmpi9NYNKq30mh0ODUaCpa9qrQl0C"},"_chains":{"Bdml4o+0vdzqP6rW2CwLmskWrvF4ppU4hZgAkbPLxaFD":{"chainKey":{"counter":1,"key":"6h/VPFQuGGuu3qAiAbdsGw4hqc/uuN2NHDycOXEvtf0="},"chainType":2,"messageKeys":{"0":"XsCEESysNL6qU7jUC5ud3gAFsG5GL6YyIN9vwcNLl8U="}},"BYpWRPPhKz4ppfduGopH5dv39r485/63ccvScBPvp2V0":{"chainKey":{"counter":-1,"key":"LyR0n3ZBqEkeZXwpMnnyZzYYbGJ3k7lTYFy7gI2kuNY="},"chainType":1,"messageKeys":{}}},"pendingPreKey":{"signedKeyId":2,"baseKey":"BUtAKGFDn9MY03N7Hn/P4q0n43Nl/QqhBhXYkPXqFw4U","preKeyId":2925710}},"BReoM1ZWdFILOG2TI2lMn9cXqFRT7EPf9KdWyBZ4mOhV":{"registrationId":1238661629,"currentRatchet":{"ephemeralKeyPair":{"pubKey":"BZ9ZhHTFRlF8FvvqaneEQqc8w2UvhROENLce4v7bSM8b","privKey":"SMVa1GOYqplZQtdxgVReithAFZXjkp93cH1dnyCwE3o="},"lastRemoteEphemeralKey":"Bdml4o+0vdzqP6rW2CwLmskWrvF4ppU4hZgAkbPLxaFD","previousCounter":-1,"rootKey":"Z1obPvDRIh3mqJsxWLxuk7ZsUdofEAnCBQWVWAVssmU="},"indexInfo":{"baseKey":"BReoM1ZWdFILOG2TI2lMn9cXqFRT7EPf9KdWyBZ4mOhV","baseKeyType":1,"closed":1736945968431,"used":1736945965594,"created":1736945965594,"remoteIdentityKey":"BbZmFWTWVuODjH2xmpi9NYNKq30mh0ODUaCpa9qrQl0C"},"_chains":{"Bdml4o+0vdzqP6rW2CwLmskWrvF4ppU4hZgAkbPLxaFD":{"chainKey":{"counter":1,"key":"eWiEbGkX1jkakqaDkVWMY0BInuF1HvdUDnWKyFIEBZE="},"chainType":2,"messageKeys":{"0":"D3exOnaOpMkDq6XKoLeldkWwdzpRBbWWQK3qV7fXgLA="}},"BZ9ZhHTFRlF8FvvqaneEQqc8w2UvhROENLce4v7bSM8b":{"chainKey":{"counter":-1,"key":"krWDn8N/Sq2zLqfYmfe4+HtkbROLZzVUwPBYlgUlFU8="},"chainType":1,"messageKeys":{}}},"pendingPreKey":{"signedKeyId":2,"baseKey":"BReoM1ZWdFILOG2TI2lMn9cXqFRT7EPf9KdWyBZ4mOhV","preKeyId":2925793}},"BfUk3u+rG5CEQ9hOpKdGuLgmB1SPv/ocd8AjKbq8fNYg":{"registrationId":1238661629,"currentRatchet":{"ephemeralKeyPair":{"pubKey":"BeV+vbdKl7mLwfvybhSX92c+wtcKKBU8o+WG7QaWAKRF","privKey":"eAahEIKMkJXVf+Ic7XBpAU5RX3jsqc/jj8ydKR5tZ1w="},"lastRemoteEphemeralKey":"Bdml4o+0vdzqP6rW2CwLmskWrvF4ppU4hZgAkbPLxaFD","previousCounter":-1,"rootKey":"1m+mCf+6NjHKeXiIfObTGYHd7KNB4wt7CEBxr1qLJ0g="},"indexInfo":{"baseKey":"BfUk3u+rG5CEQ9hOpKdGuLgmB1SPv/ocd8AjKbq8fNYg","baseKeyType":1,"closed":1736945992460,"used":1736945968429,"created":1736945968429,"remoteIdentityKey":"BbZmFWTWVuODjH2xmpi9NYNKq30mh0ODUaCpa9qrQl0C"},"_chains":{"Bdml4o+0vdzqP6rW2CwLmskWrvF4ppU4hZgAkbPLxaFD":{"chainKey":{"counter":1,"key":"2W9nU1xa1miCrOuyos+Vv5ayuNuMQ+PW+cGh0qlINJE="},"chainType":2,"messageKeys":{"0":"kMdqYwi60saVXIpbhCb9C1QC6AU8VUD1tDNJZnk1x28="}},"BeV+vbdKl7mLwfvybhSX92c+wtcKKBU8o+WG7QaWAKRF":{"chainKey":{"counter":0,"key":"Gc72c7vm8JwVYOqva5dK/grmudeCLrPyGj4d49hti60="},"chainType":1,"messageKeys":{}}},"pendingPreKey":{"signedKeyId":2,"baseKey":"BfUk3u+rG5CEQ9hOpKdGuLgmB1SPv/ocd8AjKbq8fNYg","preKeyId":2925854}},"BSf+INsPRyvejGdgjuSa7nTwhyulx9gAlX8bJlUZ469e":{"registrationId":1238661629,"currentRatchet":{"ephemeralKeyPair":{"pubKey":"BRdcFuugDeFvadoS2WTKg0dAj6n5mz10ym002UyEa2Yr","privKey":"gIFmmMxACQ/hTrnZRwUT63V6yW0PFk0pPZ2SJEstPno="},"lastRemoteEphemeralKey":"Bdml4o+0vdzqP6rW2CwLmskWrvF4ppU4hZgAkbPLxaFD","previousCounter":-1,"rootKey":"ofTCiU7nZmGMQrwfs8eiiAgRmGpxv2EOX0GAkmZj7vg="},"indexInfo":{"baseKey":"BSf+INsPRyvejGdgjuSa7nTwhyulx9gAlX8bJlUZ469e","baseKeyType":1,"closed":1736946074330,"used":1736945992458,"created":1736945992458,"remoteIdentityKey":"BbZmFWTWVuODjH2xmpi9NYNKq30mh0ODUaCpa9qrQl0C"},"_chains":{"Bdml4o+0vdzqP6rW2CwLmskWrvF4ppU4hZgAkbPLxaFD":{"chainKey":{"counter":2,"key":"4YCbktN9TE82cE+p4HRtAixlheoDLdAdvyHcPHjr2Cs="},"chainType":2,"messageKeys":{"0":"DdNaaLeoCKhELYIGJ4JC3iK1IuBZYjp71SCR0gTmO58=","1":"Kch46TvJY2RoBynoigjvSHUE6zMftJWCnUacPJYsbRo="}},"BRdcFuugDeFvadoS2WTKg0dAj6n5mz10ym002UyEa2Yr":{"chainKey":{"counter":0,"key":"rNB1wzcG54eXuXdYRSJyGrijRvGiq+aLMnfkUjCc0ho="},"chainType":1,"messageKeys":{}}},"pendingPreKey":{"signedKeyId":2,"baseKey":"BSf+INsPRyvejGdgjuSa7nTwhyulx9gAlX8bJlUZ469e","preKeyId":2925866}},"BRIGUlARwM//Nn6q11giYbavNa55PaQnDMdvyZBfnG1S":{"registrationId":1238661629,"currentRatchet":{"ephemeralKeyPair":{"pubKey":"BRWyJ+JCk4tSK/KRn0GCjqLvW3Z2g9ADDaSt5WArDDQU","privKey":"4Fi6CPNmSZuLAP8ZyE+KLhhm8autPcuYu0S+OJgqv1I="},"lastRemoteEphemeralKey":"BezwzHVd9N2P9ApMuqtCz4+iIFcLWANf+LJhcxn7u7l4","previousCounter":0,"rootKey":"E0t/4zOlE0nJPP+g5t2S9TkZB/pKbaetgLPm8odNSiA="},"indexInfo":{"baseKey":"BRIGUlARwM//Nn6q11giYbavNa55PaQnDMdvyZBfnG1S","baseKeyType":1,"closed":1736946095168,"used":1736946117372,"created":1736946074326,"remoteIdentityKey":"BbZmFWTWVuODjH2xmpi9NYNKq30mh0ODUaCpa9qrQl0C"},"_chains":{"BezwzHVd9N2P9ApMuqtCz4+iIFcLWANf+LJhcxn7u7l4":{"chainKey":{"counter":0,"key":"ipg0wR+eeqUOwLnb8yqg3KlIMNa2NYktkxsMATzLE7A="},"chainType":2,"messageKeys":{}},"BRWyJ+JCk4tSK/KRn0GCjqLvW3Z2g9ADDaSt5WArDDQU":{"chainKey":{"counter":-1,"key":"d2fdJSr/j5RrUcQD6he2ZcjDKjivBsue/llN270GT7U="},"chainType":1,"messageKeys":{}}}},"BUfgThrwzlnPv6B0xWN1dIG5kTNjzYK6Bb+SDVfzVsE1":{"registrationId":1238661629,"currentRatchet":{"ephemeralKeyPair":{"pubKey":"BQyNjM+nYjf28fxBC3V1wTCDsdsY7wn3jqM8g9Yn+PlD","privKey":"oJ+6iXT+HLfKa7mKiDIobYA6mSWL4xPAWZ2MIq5V1nY="},"lastRemoteEphemeralKey":"BezwzHVd9N2P9ApMuqtCz4+iIFcLWANf+LJhcxn7u7l4","previousCounter":-1,"rootKey":"rScAz2RWW9tqYahPoxMXhpzGcPFlj4NEY/XQPOPJ+Ws="},"indexInfo":{"baseKey":"BUfgThrwzlnPv6B0xWN1dIG5kTNjzYK6Bb+SDVfzVsE1","baseKeyType":1,"closed":1736946097578,"used":1736946095165,"created":1736946095165,"remoteIdentityKey":"BbZmFWTWVuODjH2xmpi9NYNKq30mh0ODUaCpa9qrQl0C"},"_chains":{"BezwzHVd9N2P9ApMuqtCz4+iIFcLWANf+LJhcxn7u7l4":{"chainKey":{"counter":0,"key":"XF0KMIjnJuuDeKNwlTnd1O+RniLN70bYEJ+U3L7h4M8="},"chainType":2,"messageKeys":{}},"BQyNjM+nYjf28fxBC3V1wTCDsdsY7wn3jqM8g9Yn+PlD":{"chainKey":{"counter":-1,"key":"j4m6lJMX7E8ulfEH23mynzLkmbRfs0bYSQNjI3+kBN8="},"chainType":1,"messageKeys":{}}},"pendingPreKey":{"signedKeyId":2,"baseKey":"BUfgThrwzlnPv6B0xWN1dIG5kTNjzYK6Bb+SDVfzVsE1","preKeyId":2925779}},"BdLnyMCuRdnor8PclM65lydEH2ot9UyK9xJ9gazs4GAx":{"registrationId":1238661629,"currentRatchet":{"ephemeralKeyPair":{"pubKey":"BTyIYVwHGKaa0LiPeKs7lBtaQ1zrrJpWDQEq1eqAul1+","privKey":"YOLJExFE+EeA/tgCrM2ieTR/AHiskyCq3pscjFi4P2I="},"lastRemoteEphemeralKey":"BezwzHVd9N2P9ApMuqtCz4+iIFcLWANf+LJhcxn7u7l4","previousCounter":-1,"rootKey":"PVYYbAJrqVuqXbtsuB04Q7ck6Bb9LGEisCqzf32H0Jc="},"indexInfo":{"baseKey":"BdLnyMCuRdnor8PclM65lydEH2ot9UyK9xJ9gazs4GAx","baseKeyType":1,"closed":1736946118289,"used":1736946097575,"created":1736946097575,"remoteIdentityKey":"BbZmFWTWVuODjH2xmpi9NYNKq30mh0ODUaCpa9qrQl0C"},"_chains":{"BezwzHVd9N2P9ApMuqtCz4+iIFcLWANf+LJhcxn7u7l4":{"chainKey":{"counter":0,"key":"4VA75MrJNzAeJjkOK/AqrVJv4eXsBZ+6pPjIdpRNhXw="},"chainType":2,"messageKeys":{}},"BTyIYVwHGKaa0LiPeKs7lBtaQ1zrrJpWDQEq1eqAul1+":{"chainKey":{"counter":0,"key":"4yIgPuyeg1RgD3AJXAJp6oMxj9l8T6A1kkOh5jSdqfY="},"chainType":1,"messageKeys":{}}},"pendingPreKey":{"signedKeyId":2,"baseKey":"BdLnyMCuRdnor8PclM65lydEH2ot9UyK9xJ9gazs4GAx","preKeyId":2925849}},"BQn7oevSoqrZOYPRNIwgfw3l6M6K+1fbA5qwkhk46EYj":{"registrationId":1238661629,"currentRatchet":{"ephemeralKeyPair":{"pubKey":"Bfq0Q6i6PcHo+4ZtGaKkEQIPr+BOLUmLovNmmHn23Ctx","privKey":"2A/vGl3djxR9a3mVGlZFUll98xNDpHSSA33Uqk4RqGc="},"lastRemoteEphemeralKey":"Bf5sENjQlp+QpB61ApruItWIppoPBvIwKl2SmSZlxUhw","previousCounter":1,"rootKey":"+b+OihaxtFkW3ZQk3KXUAUSCcEgwsNrzv0gcIlXrAEA="},"indexInfo":{"baseKey":"BQn7oevSoqrZOYPRNIwgfw3l6M6K+1fbA5qwkhk46EYj","baseKeyType":1,"closed":1736946209902,"used":1736946282414,"created":1736946118285,"remoteIdentityKey":"BbZmFWTWVuODjH2xmpi9NYNKq30mh0ODUaCpa9qrQl0C"},"_chains":{"Ba/IEAtY0EumcLCz/+8Nwh5/mI1QMYakEN7Gx1T7VV5g":{"chainKey":{"counter":0},"chainType":2,"messageKeys":{}},"Bf5sENjQlp+QpB61ApruItWIppoPBvIwKl2SmSZlxUhw":{"chainKey":{"counter":0,"key":"7uBMBpbM+oST2rVjWeGwCc4baMu8jwmepXQE5SH0WAg="},"chainType":2,"messageKeys":{}},"Bfq0Q6i6PcHo+4ZtGaKkEQIPr+BOLUmLovNmmHn23Ctx":{"chainKey":{"counter":-1,"key":"nBV63WasiOk5HHo8TvypCPVtnOmzggOkSp2ec3ct6XM="},"chainType":1,"messageKeys":{}}}},"BWqUmovO2X6QU+JHWlxEZdfbSs/TRBI8drTSMzJngQ9d":{"registrationId":1238661629,"currentRatchet":{"ephemeralKeyPair":{"pubKey":"BaCBMvFESwFzSQguZqeXw6o3WvvhccbUx97CD8B5H+0Q","privKey":"yJ+xIcPmcDTkF49AELwRwGcyFmmhWi56Cw6EmTHmHWw="},"lastRemoteEphemeralKey":"Bf5sENjQlp+QpB61ApruItWIppoPBvIwKl2SmSZlxUhw","previousCounter":-1,"rootKey":"M+YSCSTQmJF8k+FeS1v3n23sISLvhKZT2Sy/LWduHWc="},"indexInfo":{"baseKey":"BWqUmovO2X6QU+JHWlxEZdfbSs/TRBI8drTSMzJngQ9d","baseKeyType":1,"closed":1736946283422,"used":1736946209898,"created":1736946209898,"remoteIdentityKey":"BbZmFWTWVuODjH2xmpi9NYNKq30mh0ODUaCpa9qrQl0C"},"_chains":{"Bf5sENjQlp+QpB61ApruItWIppoPBvIwKl2SmSZlxUhw":{"chainKey":{"counter":0,"key":"y+pd+3lb+N5yXD/issVyUnkGIkvS9+F6tsbJCz9wIVE="},"chainType":2,"messageKeys":{}},"BaCBMvFESwFzSQguZqeXw6o3WvvhccbUx97CD8B5H+0Q":{"chainKey":{"counter":0,"key":"oLhSPirou8NOpjATlWCdj360ENTUXSuqkfrfu1QEGhs="},"chainType":1,"messageKeys":{}}},"pendingPreKey":{"signedKeyId":2,"baseKey":"BWqUmovO2X6QU+JHWlxEZdfbSs/TRBI8drTSMzJngQ9d","preKeyId":2925830}},"BTxC+4WjhWbPvJhMnXSeKgoQg2IUJgS1Ot/nkBEungtn":{"registrationId":1238661629,"currentRatchet":{"ephemeralKeyPair":{"pubKey":"BYbLRtS78f4v+gx60nsTh7sUs8poqQI/o36XFOtLcJwZ","privKey":"8LQb1IOJmbvVpoWQV0ikm2gL/ZHma+JiQA6iH7NvbU0="},"lastRemoteEphemeralKey":"BaqgVooNuHI9MrhW5Fxi0ZYnxIJjLiBqjBV89P0QI45h","previousCounter":0,"rootKey":"atbZ8VDlBBdRMbtUEwm4D8EeuKwj42KDJVK2PtQXRRA="},"indexInfo":{"baseKey":"BTxC+4WjhWbPvJhMnXSeKgoQg2IUJgS1Ot/nkBEungtn","baseKeyType":1,"closed":-1,"used":1736946283417,"created":1736946283417,"remoteIdentityKey":"BbZmFWTWVuODjH2xmpi9NYNKq30mh0ODUaCpa9qrQl0C"},"_chains":{"BYbLRtS78f4v+gx60nsTh7sUs8poqQI/o36XFOtLcJwZ":{"chainKey":{"counter":2,"key":"mPF73A7DdY7qIEXwXFIxgRvNI++/dZiLP6zoXRtDivs="},"chainType":1,"messageKeys":{}}},"pendingPreKey":{"signedKeyId":2,"baseKey":"BTxC+4WjhWbPvJhMnXSeKgoQg2IUJgS1Ot/nkBEungtn","preKeyId":2925765}}},"version":"v1"}