{"_sessions":{"Bf7JiVb9xPdzDzrSpbpCQrBlYYH8/WGDx3FdC6sZC+RV":{"registrationId":6514,"currentRatchet":{"ephemeralKeyPair":{"pubKey":"BZkMiPNeDidV1qk1aFc8a6hvGw+H4rerH8RQlJ3zOshM","privKey":"aDsCKf63IfmMzgzK/NBVbfSGN96m/35VJ4w82n0lQVg="},"lastRemoteEphemeralKey":"BenHM9YxBekozzt5wkqTB+cq+QzgfQp6YWxj+L+qTk5c","previousCounter":0,"rootKey":"mCbBVyf1zLnkXs9JsdwuIDrfHKCTMmX/ltCk4z+wMck="},"indexInfo":{"baseKey":"Bf7JiVb9xPdzDzrSpbpCQrBlYYH8/WGDx3FdC6sZC+RV","baseKeyType":2,"closed":-1,"used":1737028868708,"created":1737028724559,"remoteIdentityKey":"Bc8UJjDdiVt0bbImUk4HpV+CW8WvR4KYfxkFtZA6zPZI"},"_chains":{"BQ5Kc/O4+jiTOWsjMkSBx5yZTNsSu0y5Gx4fK8cXLw1w":{"chainKey":{"counter":0},"chainType":2,"messageKeys":{}},"BenHM9YxBekozzt5wkqTB+cq+QzgfQp6YWxj+L+qTk5c":{"chainKey":{"counter":0,"key":"y8NHoKA5jCAzlXOvGU86AWFma31QE5TlANdIOBgH8wI="},"chainType":2,"messageKeys":{}},"BZkMiPNeDidV1qk1aFc8a6hvGw+H4rerH8RQlJ3zOshM":{"chainKey":{"counter":-1,"key":"Kv4SYmk2WW3Lb59IkZW96MKjlfeJUczMefgOScUBZnM="},"chainType":1,"messageKeys":{}}}}},"version":"v1"}