{"_sessions":{"BdC6Pb71X5NCKqOusLjSN77MbCG/RF0tiPpUipafl2Is":{"registrationId":91,"currentRatchet":{"ephemeralKeyPair":{"pubKey":"BVaOysKisNY9K4uHsLsd4b2E36gWifdxUBwAOKXevrwL","privKey":"uKMg2WDOLnE/DJDUGmcOuXFV1Iw9Wc+nXqypjybZh00="},"lastRemoteEphemeralKey":"BVIy3xISAxBefge6uXdzIzgyb7FgdpyAPtiLYluJnVRS","previousCounter":0,"rootKey":"yOE0o8zgZndCMSIxoRmtqlRnsSfk5ZnMhpAYOS0XKUo="},"indexInfo":{"baseKey":"BdC6Pb71X5NCKqOusLjSN77MbCG/RF0tiPpUipafl2Is","baseKeyType":2,"closed":1736671787755,"used":1736671787597,"created":1736671787597,"remoteIdentityKey":"BdNN97N8u/0Dyv3wOH4c+RnRBOh4hsmVSCNoQsrP3EAF"},"_chains":{"BVIy3xISAxBefge6uXdzIzgyb7FgdpyAPtiLYluJnVRS":{"chainKey":{"counter":0,"key":"5ecI1cxWrTXz5fmbkUCDBN+XkMfgpBKt8di8qxF2G5s="},"chainType":2,"messageKeys":{}},"BVaOysKisNY9K4uHsLsd4b2E36gWifdxUBwAOKXevrwL":{"chainKey":{"counter":-1,"key":"c3h670trFX9l8+Lki2+SpJZn5xC/FirZagIHOEH8Ir8="},"chainType":1,"messageKeys":{}}}},"BfCPYwCpKx8JYmkDF/orcGB+0HE1Gdf4ow1PoMFtsVpG":{"registrationId":91,"currentRatchet":{"ephemeralKeyPair":{"pubKey":"BU03prFWjE7iFBP+W/M3P6+zCoS94YeDMnJgtcnlF+tB","privKey":"IPLo+XSuhW2+D0q8P1/+rm1awBrLcO2NVYn82LfiXWw="},"lastRemoteEphemeralKey":"BWmvqS+5tYePKzRkPvCSxlsNY/OSAiKSpx0OW1xeVAlP","previousCounter":1,"rootKey":"xhsOQ2FaL8AcoXmCk3djfBOYwl1CsH547QWwtPS4NOw="},"indexInfo":{"baseKey":"BfCPYwCpKx8JYmkDF/orcGB+0HE1Gdf4ow1PoMFtsVpG","baseKeyType":1,"closed":-1,"used":1736847219709,"created":1736671787716,"remoteIdentityKey":"BdNN97N8u/0Dyv3wOH4c+RnRBOh4hsmVSCNoQsrP3EAF"},"_chains":{"BaWsqMRHHfTWeouJt7eFyVQeGvB60+E+Y0ss0Cilpm5y":{"chainKey":{"counter":1},"chainType":2,"messageKeys":{}},"BWhQplfkkcI3SCqb1PbnePyg2sLHZMCZ7LuS7lOSpGEh":{"chainKey":{"counter":0},"chainType":2,"messageKeys":{}},"BfbRm5ehuXnvLsTAJHA4fTFcgR9vNojxzpvbd1K9Pioz":{"chainKey":{"counter":2},"chainType":2,"messageKeys":{}},"BbgygjIT6jG0m9RK632ZL4m8vfSw2Iwj38B6SfXpc2Bf":{"chainKey":{"counter":2},"chainType":2,"messageKeys":{}},"BdkICBL6ZEVdpuP5GP0A33qhIYhbTyFZ/jqT5oJeXkwB":{"chainKey":{"counter":2},"chainType":2,"messageKeys":{}},"BbxBYyxNvQvAUh2s/GPUCZ8oKAF44MmutKohyWPyGQpN":{"chainKey":{"counter":1},"chainType":2,"messageKeys":{}},"BWL/h88Xd/0yg9cqI8fNbaG3F+enkuANZmp2/DWOsMdO":{"chainKey":{"counter":3},"chainType":2,"messageKeys":{}},"BRcW4Y0yoE8yy45mhFVxxqCMO9sVzsTUmq/jzJ6md1JX":{"chainKey":{"counter":1},"chainType":2,"messageKeys":{}},"Be0PwvEDuqEiDEBYIQH+obXXvEnH4e4OIw9mNffk4xR8":{"chainKey":{"counter":0},"chainType":2,"messageKeys":{}},"BWmvqS+5tYePKzRkPvCSxlsNY/OSAiKSpx0OW1xeVAlP":{"chainKey":{"counter":0,"key":"jSM8uzx97LFJ5M9IzF1E4epyppPexFZahTcYVg2pS5o="},"chainType":2,"messageKeys":{}},"BU03prFWjE7iFBP+W/M3P6+zCoS94YeDMnJgtcnlF+tB":{"chainKey":{"counter":68,"key":"epxv50P6mguyyXuaQeMsDC7l0Pq0usiZwZ8P+oLuqCU="},"chainType":1,"messageKeys":{}}}}},"version":"v1"}